Handle,Title,Body (HTML),Vendor,Product Category,Type,Tags,Published,Option1 Name,Option1 Value,Variant Price,Variant SKU,Variant Inventory Tracker,Variant Inventory Qty,Variant Weight,Variant Weight Unit,Image Src,metafields.wine.varietal,metafields.wine.vintage,metafields.wine.appellation,metafields.wine.region,metafields.wine.country_state,metafields.wine.abv,metafields.wine.body,metafields.wine.style,metafields.wine.tasting_notes,metafields.rating.expert_rating,metafields.rating.customer_rating,metafields.rating.review_count,metafields.wine.mix_6_price,metafields.general.source_url,metafields.wine.size,metafields.wine.wine_type
tenuta-di-renieri-chianti-classico-riserva-2020,"Tenuta di Renieri Chianti Classico Riserva, 2020","James Suckling-Tuscany, Italy - A poised and focused Chianti Classico Riserva with black cherry, subtle sage and bark aromas and flavors. Medium-bodied with juicy fruit, firm tannins and a fresh finish. Bright and vivid at the end.",Tenuta di Renieri,Wine,Red Wine,"Sangiovese, Red Wine, Tuscany, Chianti Classico",TRUE,Title,Default Title,22.99,113708750-1,shopify,100,1.5,lb,,Sangiovese,2020,Chianti Classico,Tuscany,Italy,14.5,Full-bodied,Elegant,"Anise, Cherry",93 • James Suckling,4.2/5,165,$20.69,https://www.totalwine.com/wine/red-wine/sangiovese/tenuta-di-renieri-chianti-classico-riserva/p/113708750,750ml,Red Wine
1858-by-caymus-vineyards-cabernet-sauvignon-paso-robles,1858 by Caymus Vineyards Cabernet Sauvignon Paso Robles,"Paso Robles, CA- From Caymus Vineyards. Black cherry and plum hit the front of the palate. Baking spice, with touches of vanilla and oak accompany the fruit while adding layers of complexity. Balanced with light acidity and fine tannins on the finish.",1858 by Caymus Vineyards,Wine,Red Wine,"Cabernet Sauvignon, Red Wine, Central Coast, Paso Robles",TRUE,Title,Default Title,39.99,214578750-1,shopify,100,1.5,lb,,Cabernet Sauvignon,,Paso Robles,Central Coast,California,13.8,Full-bodied,Intense,"Black Cherry, Plum, Spice",No rating listed,4.4/5,1645,$35.99,https://www.totalwine.com/wine/red-wine/cabernet-sauvignon/1858-by-caymus-vineyards-cabernet-sauvignon-paso-robles/p/214578750,750ml,Red Wine
ed-edmundo-malbec-2023,"Ed Edmundo Malbec, 2023",Argentina- This Malbec has sweet aromas of blackberries and plums with an elegant touch of smoke and vanilla. Velvety texture and a sweet long aftertaste. Pairs well with grilled meats and seasoned cuisines.,Ed Edmundo,Wine,Red Wine,"Malbec, Red Wine, Mendoza, Unknown",TRUE,Title,Default Title,10.99,235698750-1,shopify,100,1.5,lb,,Malbec,2023,Unknown,Mendoza,Argentina,14.5,Medium-bodied,Elegant,"Blackberry, Plum, Vanilla",No rating listed,4.4/5,183,$9.89,https://www.totalwine.com/wine/red-wine/malbec/ed-edmundo-malbec/p/235698750,750ml,Red Wine
ed-edmundo-cabernet-sauvignon-2024,"Ed Edmundo Cabernet Sauvignon, 2024","The Tasting Panel-Argentina - Mendoza - The hearty tannins on this Cabernet linger, animated with a fruity veneer of dark ripe raspberries, plum and black cherries. A burst of flavors emerges, including tobacco leaf, plush leather, and a gentle hint of clove.",Ed Edmundo,Wine,Red Wine,"Cabernet Sauvignon, Red Wine, Mendoza, Unknown",TRUE,Title,Default Title,11.99,213639750-1,shopify,100,1.5,lb,,Cabernet Sauvignon,2024,Unknown,Mendoza,Argentina,14.5,Full-bodied,Elegant,"Dried Cherry, Black Currant, Vanilla",90 • The Tasting Panel,4.4/5,1721,$10.79,https://www.totalwine.com/wine/red-wine/cabernet-sauvignon/ed-edmundo-cabernet-sauvignon/p/213639750,750ml,Red Wine
caymus-cabernet-sauvignon-napa-50th-anniversary-2022,"Caymus Cabernet Sauvignon Napa 50th Anniversary, 2022","Wine Spectator-California - Napa Valley - A creamy, forward style, with a core of warmed raspberry and boysenberry preserves infused liberally with mocha and melted licorice. Shows a late flicker of chaparral. This is meant for near-term hedonism. Drink now through 2034.",Caymus,Wine,Red Wine,"Cabernet Sauvignon, Red Wine, Napa Valley, Napa Valley",TRUE,Title,Default Title,74.97,2126249225-1,shopify,100,1.5,lb,,Cabernet Sauvignon,2022,Napa Valley,Napa Valley,California,0.0,Full-bodied,Fresh,"Dark Fruit, Oak, Vanilla",91 • Wine Spectator,4.4/5,127,No bulk pricing,https://www.totalwine.com/wine/red-wine/cabernet-sauvignon/caymus-cabernet-sauvignon-napa-50th-anniversary/p/2126249225,750ml,Red Wine
st-giorgio-toscana-igt-super-tuscan-2019,"St. Giorgio Toscana IGT Super Tuscan, 2019","James Suckling-Tuscany, Italy - I like the creamy and spicy edge to the red fruit, coming from a well-judged use of oak. Medium-bodied with a nice line of red fruit and lightly firm tannins flowing through the finish. Twist of vanilla at the end from the mild oak.",St. Giorgio,Wine,Red Wine,"Red Blend, Red Wine, Tuscany, Toscana IGT",TRUE,Title,Default Title,14.99,349664750-1,shopify,100,1.5,lb,,Red Blend,2019,Toscana IGT,Tuscany,Italy,13.5,Full-bodied,Intense,"Dark Fruit, Cherry",91 • James Suckling,4.2/5,294,$13.49,https://www.totalwine.com/wine/red-wine/red-blend/st-giorgio-toscana-igt-super-tuscan/p/349664750,750ml,Red Wine
caliveda-pinot-noir-2022,"Caliveda Pinot Noir, 2022","Beverage Dynamics-California - Bursting with flavor on the palate, this pinot has medium purple color with notes of juicy black cherry and pomegranate cola, rounded out with an enticing vanilla note.",Caliveda,Wine,Red Wine,"Pinot Noir, Red Wine, California, Unknown",TRUE,Title,Default Title,14.99,347421750-1,shopify,100,1.5,lb,,Pinot Noir,2022,Unknown,California,California,13.5,Medium-bodied,Elegant,"Dark Berry, Vanilla, Black Cherry",91 • Beverage Dynamics,4.2/5,2149,$13.49,https://www.totalwine.com/wine/red-wine/pinot-noir/caliveda-pinot-noir/p/347421750,750ml,Red Wine
1858-by-caymus-vineyards-red-blend,1858 by Caymus Vineyards Red Blend,"Beverage Dynamics-California - Made by Caymus Vineyards. A dark maroon color greets you upon pouring this plush wine. Baked black and blue fruits, warm spice, and sumptuous but soft tannins and toasted wood on the finish. This is a smooth but structured, approachable wine from the Wagner Family.",1858 by Caymus Vineyards,Wine,Red Wine,"Red Blend, Red Wine, California, Unknown",TRUE,Title,Default Title,24.99,232279750-1,shopify,100,1.5,lb,,Red Blend,,Unknown,California,California,14.2,Medium-bodied,Elegant,"Black Cherry, Chocolate",91 • Beverage Dynamics,4.5/5,1091,$22.49,https://www.totalwine.com/wine/red-wine/red-blend/1858-by-caymus-vineyards-red-blend/p/232279750,750ml,Red Wine
pazzia-primitivo-puglia-igp-2022,"Pazzia Primitivo Puglia IGP, 2022","Luca Maroni-Italy - Apulia - The softness and pleasantness of the combination between fruit and spices on the palate make the sensory expressions of this wine powerful and harmonious. A wine characterized by majestic abundance, strength and pleasing aromas...",Pazzia,Wine,Red Wine,"Primitivo, Red Wine, Apulia, Puglia IGP",TRUE,Title,Default Title,14.99,2126217744-1,shopify,100,1.5,lb,,Primitivo,2022,Puglia IGP,Apulia,Italy,13.5,Full-bodied,Elegant,"Cherry, Dark Fruit, Pepper",94 • Luca Maroni,4.3/5,84,$13.49,https://www.totalwine.com/wine/red-wine/primitivo/pazzia-primitivo-puglia-igp/p/2126217744,750ml,Red Wine
olema-cabernet-sauvignon-sonoma-county-2023,"Olema Cabernet Sauvignon Sonoma County, 2023","James Suckling-California - Sonoma County - Wow, so fresh, flavorful and drinkable despite intense concentration and moderate to full tannins. A great value and very well balanced. Sourced from very good sites on Moon Mountain, Sonoma Mountain and Dry Creek Valley. Blended with 12% malbec.",Olema,Wine,Red Wine,"Cabernet Sauvignon, Red Wine, Sonoma County, Sonoma County",TRUE,Title,Default Title,29.99,101019750-1,shopify,100,1.5,lb,,Cabernet Sauvignon,2023,Sonoma County,Sonoma County,California,13.7,Full-bodied,Intense,"Blackberry, Cherry, Sage",92 • James Suckling,4.3/5,528,$26.99,https://www.totalwine.com/wine/red-wine/cabernet-sauvignon/olema-cabernet-sauvignon-sonoma-county/p/101019750,750ml,Red Wine
old-winery-road-cabernet-sauvignon-napa-sonoma-2022,"Old Winery Road Cabernet Sauvignon Napa Sonoma, 2022","Beverage Dynamics-California - Napa Valley - Grapes from both Napa and Sonoma Counties were used by the winemakers at Buena Vista to showcase a seamless 50/50 blend. Hints of cedar spice with blueberry, blackberry, and black currant notes on the palate. Fruit forward, rich and well-integrated.",Old Winery Road,Wine,Red Wine,"Cabernet Sauvignon, Red Wine, Napa Valley, Napa Sonoma",TRUE,Title,Default Title,34.99,235847750-1,shopify,100,1.5,lb,,Cabernet Sauvignon,2022,Napa Sonoma,Napa Valley,California,14.5,Full-bodied,Intense,"Raspberry, Dark Fruit",94 • Beverage Dynamics,4.5/5,75,$31.49,https://www.totalwine.com/wine/red-wine/cabernet-sauvignon/old-winery-road-cabernet-sauvignon-napa-sonoma/p/235847750,750ml,Red Wine
samuel-robert-pinot-noir-willamette-vineyard-reserve-2023,"Samuel Robert Pinot Noir Willamette Vineyard Reserve, 2023","Wine Enthusiast-Oregon-Willamette Valley-A rich aromatic power trio of dates, figs and aged balsamic is accented by spicy bits of cinnamon, clove and coriander. The wine's flavor profile is similar, as dark plums are joined by orange zest and chai tea spices. Fine, grainy tannins hold it al together.",Samuel Robert Winery,Wine,Red Wine,"Pinot Noir, Red Wine, Willamette Valley, Willamette Valley",TRUE,Title,Default Title,17.99,181110750-1,shopify,100,1.5,lb,,Pinot Noir,2023,Willamette Valley,Willamette Valley,Oregon,13.5,Medium-bodied,Fresh,"Red Fruit, Cinnamon, Nutmeg",89 • Wine Enthusiast,4.3/5,1422,$16.19,https://www.totalwine.com/wine/red-wine/pinot-noir/samuel-robert-pinot-noir-willamette-vineyard-reserve/p/181110750,750ml,Red Wine
cruz-alta-malbec-reserve-by-rutini-wines,Cruz Alta Malbec Reserve by Rutini Wines,"Mendoza, Argentina- This 100% Malbec is sourced from three iconic high altitude vineyards in the famed region of Mendoza. Revealing rich black fruit and red plum aromas, a spicy, structured palate and a long firm finish. Classic match with grilled meats.",Cruz Alta,Wine,Red Wine,"Malbec, Red Wine, Mendoza, Mendoza",TRUE,Title,Default Title,13.99,1989750-1,shopify,100,1.5,lb,,Malbec,,Mendoza,Mendoza,Argentina,13.5,Medium-bodied,Intense,"Black Fruit, Vanilla",No rating listed,4.4/5,615,$12.59,https://www.totalwine.com/wine/red-wine/malbec/cruz-alta-malbec-reserve-by-rutini-wines/p/1989750,750ml,Red Wine
angeline-pinot-noir-california-2022,"Angeline Pinot Noir California, 2022",James Suckling-California - Sonoma County - Aromas of fresh baked strawberry pie and cherries follow through to a medium body with nice and bright red fruit and an easy finish. Remains fresh at the end. Drink now. Screw cap.,Angeline,Wine,Red Wine,"Pinot Noir, Red Wine, Sonoma County, Sonoma County",TRUE,Title,Default Title,9.99,106559750-1,shopify,100,1.5,lb,,Pinot Noir,2022,Sonoma County,Sonoma County,California,13.5,Medium-bodied,Fresh,"Strawberry, Raspberry",90 • James Suckling,4.2/5,506,$8.99,https://www.totalwine.com/wine/red-wine/pinot-noir/angeline-pinot-noir-california/p/106559750,750ml,Red Wine
harvester-cabernet-sauvignon-paso-robles-by-hope-family-wines,Harvester Cabernet Sauvignon Paso Robles by Hope Family Wines,"Beverage Dynamics-Paso Robles, Central Coast, CA- Full-bodied with inviting flavors of red berries, spice, and velvety tannins; a densely-packed Cabernet that is defined by its soft, luscious finish. Crafted by Austin Hope of Hope Family Wines.",Harvester Wine,Wine,Red Wine,"Cabernet Sauvignon, Red Wine, Central Coast, Paso Robles",TRUE,Title,Default Title,19.99,134058750-1,shopify,100,1.5,lb,,Cabernet Sauvignon,,Paso Robles,Central Coast,California,13.5,Full-bodied,Elegant,"Black Cherry, Violet",90 • Beverage Dynamics,4.3/5,919,$17.99,https://www.totalwine.com/wine/red-wine/cabernet-sauvignon/harvester-cabernet-sauvignon-paso-robles-by-hope-family-wines/p/134058750,750ml,Red Wine
chateau-lamothe-vincent-reserve-bordeaux-2022,"Chateau Lamothe Vincent Reserve Bordeaux, 2022","Decanter-France - Bordeaux - Bordeaux/Bordeaux Superieur - Decanter World Wine Awards: An alluring splendour of smoky oak and lip-smacking blackberry pie which nicely entangles with the swaddling tannins, polished acidity and impeccably smooth texture. Long and delicious.",Chateau Lamothe Vincent,Wine,Red Wine,"Bordeaux Blend, Red Wine, Bordeaux, Bordeaux/Bordeaux Superieur",TRUE,Title,Default Title,12.99,2126222101-1,shopify,100,1.5,lb,,Bordeaux Blend,2022,Bordeaux/Bordeaux Superieur,Bordeaux,France,14.5,Medium-bodied,Elegant,"Cassis, Currant, Red Fruit",95 • Decanter,4.1/5,107,$11.69,https://www.totalwine.com/wine/red-wine/bordeaux-blend/chateau-lamothe-vincent-reserve-bordeaux/p/2126222101,750ml,Red Wine
renieri-invetro-super-tuscan-2021,"Renieri Invetro Super Tuscan, 2021","James Suckling-Italy - Tuscany - A crunchy wine with blackberry and black truffle character, a medium body, juicy tannins and a flavorful finish. Balanced fruit. From organically grown grapes. 50% sangiovese, 25% merlot and 25% cabernet sauvignon. Fun and delicious now.",Renieri,Wine,Red Wine,"Red Blend, Red Wine, Tuscany, Tuscany",TRUE,Title,Default Title,17.99,113710750-1,shopify,100,1.5,lb,,Red Blend,2021,Tuscany,Tuscany,Italy,14.0,Medium-bodied,Elegant,"Cherry, Plum",92 • James Suckling,4.0/5,909,$16.19,https://www.totalwine.com/wine/red-wine/red-blend/renieri-invetro-super-tuscan/p/113710750,750ml,Red Wine
mascota-vineyards-unanime-cabernet-2020,"Mascota Vineyards Unanime Cabernet, 2020","James Suckling-Argentina - Mendoza - A pretty ripe nose with some baked plums, cherries and hints of sweet spices and white pepper. Pretty plush and juicy on the medium-bodied palate with a very tight and tense finish. Fine-grained and long.",Mascota Vineyards,Wine,Red Wine,"Cabernet Sauvignon, Red Wine, Mendoza, Mendoza",TRUE,Title,Default Title,21.99,130007750-1,shopify,100,1.5,lb,,Cabernet Sauvignon,2020,Mendoza,Mendoza,Argentina,14.5,Full-bodied,Elegant,"Blackberry, Chocolate",93 • James Suckling,4.3/5,1315,$19.79,https://www.totalwine.com/wine/red-wine/cabernet-sauvignon/mascota-vineyards-unanime-cabernet/p/130007750,750ml,Red Wine
oak-ridge-zinfandel-ancient-vine-estate-grown-lodi-2022,"Oak Ridge Zinfandel Ancient Vine Estate Grown Lodi, 2022","Wine Enthusiast-California - Lodi - highlights a mixture of buoyant and concentrated red plum, boysenberry, cracked black peppercorn and toasty oak. Flavors dance across the palate, offering baked raspberry-blueberry pie, star anise, cardamom and candied lemon zest on the finish...",Oak Ridge Winery,Wine,Red Wine,"Zinfandel, Red Wine, Lodi, Lodi",TRUE,Title,Default Title,16.99,36258750-1,shopify,100,1.5,lb,,Zinfandel,2022,Lodi,Lodi,California,14.5,Medium-bodied,Intense,"Blackberry, Cherry",91 • Wine Enthusiast,4.4/5,880,$15.29,https://www.totalwine.com/wine/red-wine/zinfandel/oak-ridge-zinfandel-ancient-vine-estate-grown-lodi/p/36258750,750ml,Red Wine
asua-rioja-crianza-2021,"Asua Rioja Crianza, 2021","Vinous-Rioja, Spain - aged for 14 months in French oak barrels. Purple in hue, its fairly reductive aromas feature blackberry and plums atop an oaky layer. Dry and almost infusion-like on the palate, supple tannins and a juicy flow convey a long-lasting, pleasant finish.",Asua,Wine,Red Wine,"Tempranillo, Red Wine, Rioja, Rioja",TRUE,Title,Default Title,19.99,220508750-1,shopify,100,1.5,lb,,Tempranillo,2021,Rioja,Rioja,Spain,13.5,Medium-bodied,Intense,"Black Fruit, Wood, Spice",91 • Vinous,4.1/5,169,$17.99,https://www.totalwine.com/wine/red-wine/tempranillo/asua-rioja-crianza/p/220508750,750ml,Red Wine
rock-view-chardonnay-reserve-mendocino-by-rob-lloyd-2023,"Rock View Chardonnay Reserve Mendocino by Rob Lloyd, 2023","Beverage Dynamics-Mendocino, CA - Butterscotch and vanilla welcome you to the glass but it is less buttery than your nose would have you think. Bright green apple and tropical fruits like melon greatly balance out the oak on this wine.",Rock View,Wine,White Wine,"Chardonnay, White Wine, Mendocino, Mendocino",TRUE,Title,Default Title,22.99,117938750-1,shopify,100,1.5,lb,,Chardonnay,2023,Mendocino,Mendocino,California,14.8,Full-bodied,Oak,"Pineapple, Vanilla",92 • Beverage Dynamics,4.2/5,292,$20.69,https://www.totalwine.com/wine/white-wine/chardonnay/rock-view-chardonnay-reserve-mendocino-by-rob-lloyd/p/117938750,750ml,White Wine
tesoro-della-regina-pinot-grigio,Tesoro della Regina Pinot Grigio,"Italy - A sunny day. An empty glass. How about a new Pinot Grigio? If you are into brilliant, bright flavors of green apple, citrus and minerality, search no more. We think this treasure is a terrific value from Northern Italy that's sure to be your new go-to.",Tesoro della Regina,Wine,White Wine,"Pinot Grigio, White Wine, Valdadige, Valdadige",TRUE,Title,Default Title,18.99,110475750-1,shopify,100,1.5,lb,,Pinot Grigio,,Valdadige,Valdadige,Italy,12.5,Medium-bodied,Elegant,"Apple, Citrus, Mineral",No rating listed,4.6/5,882,$17.09,https://www.totalwine.com/wine/white-wine/pinot-grigiopinot-gris/tesoro-della-regina-pinot-grigio/p/110475750,750ml,White Wine
buttercream-chardonnay,Buttercream Chardonnay,"California - Big and buttery. Decadent and excellent with scallops, bacon, cream. Same story with grilled salmon. Sip on the dock, the backyard, the front porch. Bliss. Vegan",Buttercream,Wine,White Wine,"Chardonnay, White Wine, California, California",TRUE,Title,Default Title,13.49,171353750-1,shopify,100,1.5,lb,,Chardonnay,,California,California,California,14.1,Full-bodied,Oak,"Butter, Vanilla, Pear",No rating listed,4.2/5,2007,$12.14,https://www.totalwine.com/wine/white-wine/chardonnay/buttercream-chardonnay/p/171353750,750ml,White Wine
king-maui-marlborough-sauvignon-blanc-2024,"King Maui Marlborough Sauvignon Blanc, 2024","James Suckling-New Zealand - Marlborough - Tropical aromas of gooseberries, nectarines and papayas. The palate is light-bodied with lemon peel, passion-fruit curd and cut grass. Well-balanced and pure...",King Maui,Wine,White Wine,"Sauvignon Blanc, White Wine, Marlborough, Marlborough",TRUE,Title,Default Title,11.49,237134750-1,shopify,100,1.5,lb,,Sauvignon Blanc,2024,Marlborough,Marlborough,New Zealand,12.5,Light-bodied,Crisp,"Citrus, Herb",91 • James Suckling,4.4/5,459,$10.34,https://www.totalwine.com/wine/white-wine/sauvignon-blanc/king-maui-marlborough-sauvignon-blanc/p/237134750,750ml,White Wine
domaine-salmon-sancerre-sauvignon-blanc,Domaine Salmon Sancerre Sauvignon Blanc,"Sancerre, Loire Valley, France- Made from old vines, which intensifies the flavor, this estate-bottled wine is a fine expression of Sauvignon Blanc. Refreshingly zesty with crisp notes of citrus and minerals, dry and complex. Enjoy with soft cheeses like goat cheese.",Domaine Salmon,Wine,White Wine,"Sauvignon Blanc, White Wine, Loire, Sancerre",TRUE,Title,Default Title,34.99,13305750-1,shopify,100,1.5,lb,,Sauvignon Blanc,,Sancerre,Loire,France,13.0,Medium-bodied,Crisp,"Citrus, Mineral",No rating listed,4.4/5,200,$31.49,https://www.totalwine.com/wine/white-wine/sauvignon-blanc/domaine-salmon-sancerre-sauvignon-blanc/p/13305750,750ml,White Wine
val-do-sosego-albariño-rias-baixas-2022,"Val Do Sosego Albariño Rias Baixas, 2022","James Suckling-Spain - Rias Baixas - Grapefruit, melon, bananas and fresh pineapples on the nose. Some salty undertones. Fruity and tropical with a medium body, bright acidity and good length, too.",Val Do Sosego,Wine,White Wine,"Albariño, White Wine, Rias Baixas, Rias Baixas",TRUE,Title,Default Title,19.99,98494750-1,shopify,100,1.5,lb,,Albariño,2022,Rias Baixas,Rias Baixas,Spain,12.0,Medium-bodied,Crisp,"Citrus, Mineral",91 • James Suckling,4.5/5,342,$17.99,https://www.totalwine.com/wine/white-wine/albarino/val-do-sosego-albarino-rias-baixas/p/98494750,750ml,White Wine
river-road-chardonnay-sonoma-2022,"River Road Chardonnay Sonoma, 2022",Wine Enthusiast-California - Sonoma - Clean and crisp with lovely tropical fruit flavors. Balanced oak integration with vanilla notes. Perfect for seafood and poultry dishes.,River Road,Wine,White Wine,"Chardonnay, White Wine, Sonoma, Sonoma",TRUE,Title,Default Title,16.99,92742750-1,shopify,100,1.5,lb,,Chardonnay,2022,Sonoma,Sonoma,California,13.5,Full-bodied,Oak,"Apple, Pear",90 • Wine Enthusiast,4.4/5,261,$15.29,https://www.totalwine.com/wine/white-wine/chardonnay/river-road-chardonnay-sonoma/p/92742750,750ml,White Wine
governors-bay-sauvignon-blanc,Governors Bay Sauvignon Blanc,New Zealand - Marlborough - Classic Marlborough Sauvignon Blanc with tropical fruit flavors and herbaceous notes. Crisp acidity and clean finish perfect for summer sipping.,Governors Bay,Wine,White Wine,"Sauvignon Blanc, White Wine, Marlborough, Marlborough",TRUE,Title,Default Title,13.99,139834750-1,shopify,100,1.5,lb,,Sauvignon Blanc,,Marlborough,Marlborough,New Zealand,12.5,Light-bodied,Crisp,"Gooseberry, Passionfruit, Melon",No rating listed,4.4/5,758,$12.59,https://www.totalwine.com/wine/white-wine/sauvignon-blanc/governors-bay-sauvignon-blanc/p/139834750,750ml,White Wine
gabrielle-vivien-chablis,Gabrielle Vivien Chablis,France - Chablis - Classic French Chablis with mineral-driven character and crisp acidity. Clean and elegant expression of Burgundian Chardonnay.,Gabrielle Vivien,Wine,White Wine,"Chardonnay, White Wine, Burgundy, Chablis",TRUE,Title,Default Title,29.99,351183750-1,shopify,100,1.5,lb,,Chardonnay,,Chablis,Burgundy,France,12.5,Medium-bodied,Crisp,"Citrus, Mineral",No rating listed,4.5/5,26,$26.99,https://www.totalwine.com/wine/white-wine/chardonnay/gabrielle-vivien-chablis/p/351183750,750ml,White Wine
bougrier-v-vouvray-chenin-blanc-2022,"Bougrier V Vouvray Chenin Blanc, 2022",Wine Enthusiast-France - Loire Valley - Vouvray - Fresh and vibrant Chenin Blanc with apple and honey notes. Off-dry style perfect for spicy foods and Asian cuisine.,Bougrier,Wine,White Wine,"Chenin Blanc, White Wine, Loire, Vouvray",TRUE,Title,Default Title,15.99,92397750-1,shopify,100,1.5,lb,,Chenin Blanc,2022,Vouvray,Loire,France,12.5,Medium-bodied,Fresh,"Apple, Honey",90 • Wine Enthusiast,4.5/5,913,$14.39,https://www.totalwine.com/wine/white-wine/chenin-blanc/bougrier-v-vouvray-chenin-blanc/p/92397750,750ml,White Wine
armani-pinot-grigio-venezie,Armani Pinot Grigio Venezie,Italy - Venezie - Classic Italian Pinot Grigio with fresh apple and pear flavors. Clean and crisp with a refreshing finish.,Armani,Wine,White Wine,"Pinot Grigio, White Wine, Venezie, Venezie",TRUE,Title,Default Title,12.99,14445750-1,shopify,100,1.5,lb,,Pinot Grigio,,Venezie,Venezie,Italy,12.0,Medium-bodied,Crisp,"Apple, Pear",No rating listed,4.3/5,566,$11.69,https://www.totalwine.com/wine/white-wine/pinot-grigio-pinot-gris/armani-pinot-grigio-venezie/p/14445750,750ml,White Wine
bishop-pine-chardonnay-california-2023,"Bishop Pine Chardonnay California, 2023",Wine Enthusiast-California - Unoaked Chardonnay with fresh apple and pear flavors. Light and crisp style perfect for everyday drinking.,Bishop Pine,Wine,White Wine,"Chardonnay, White Wine, California, California",TRUE,Title,Default Title,9.49,236085750-1,shopify,100,1.5,lb,,Chardonnay,2023,California,California,California,13.5,Medium-bodied,Crisp,"Apple, Pear",90 • Wine Enthusiast,4.3/5,329,$8.54,https://www.totalwine.com/wine/white-wine/chardonnay/bishop-pine-chardonnay-california/p/236085750,750ml,White Wine
river-road-chardonnay-russian-river-valley-reserve-2023,"River Road Chardonnay Russian River Valley Reserve, 2023",Wine Spectator-California - Russian River Valley - Premium Chardonnay with tropical fruit flavors and elegant oak integration. Complex and well-balanced.,River Road,Wine,White Wine,"Chardonnay, White Wine, Russian River Valley, Russian River Valley",TRUE,Title,Default Title,21.99,93152750-1,shopify,100,1.5,lb,,Chardonnay,2023,Russian River Valley,Russian River Valley,California,14.0,Full-bodied,Oak,"Tropical, Citrus",90 • Wine Spectator,4.3/5,627,$19.79,https://www.totalwine.com/wine/white-wine/chardonnay/river-road-chardonnay-russian-river-valley-reserve/p/93152750,750ml,White Wine
kupelwieser-pinot-grigio-alto-adige,Kupelwieser Pinot Grigio Alto Adige,Italy - Alto Adige - Premium Pinot Grigio from Northern Italy with crisp apple and mineral notes. Clean and refreshing mountain wine.,Kupelwieser,Wine,White Wine,"Pinot Grigio, White Wine, Alto Adige, Alto Adige",TRUE,Title,Default Title,15.99,95476750-1,shopify,100,1.5,lb,,Pinot Grigio,,Alto Adige,Alto Adige,Italy,12.5,Medium-bodied,Crisp,"Apple, Mineral",No rating listed,4.6/5,152,$14.39,https://www.totalwine.com/wine/white-wine/pinot-grigio-pinot-gris/kupelwieser-pinot-grigio-alto-adige/p/95476750,750ml,White Wine
albino-armani-pinot-grigio-corvara-2022,"Albino Armani Pinot Grigio Corvara, 2022",Wine Enthusiast-Italy - Veneto - Elegant Pinot Grigio with fresh apple and citrus flavors. Well-structured with good length and complexity.,Albino Armani,Wine,White Wine,"Pinot Grigio, White Wine, Veneto, Corvara",TRUE,Title,Default Title,16.99,14442750-1,shopify,100,1.5,lb,,Pinot Grigio,2022,Corvara,Veneto,Italy,12.5,Medium-bodied,Crisp,"Apple, Citrus",90 • Wine Enthusiast,4.5/5,381,$15.29,https://www.totalwine.com/wine/white-wine/pinot-grigio-pinot-gris/albino-armani-pinot-grigio-corvara/p/14442750,750ml,White Wine
grand-sud-sauvignon-blanc,Grand Sud Sauvignon Blanc,France - Languedoc - Value-driven French Sauvignon Blanc with fresh citrus and herb flavors. Clean and crisp everyday white wine.,Grand Sud,Wine,White Wine,"Sauvignon Blanc, White Wine, Languedoc, Vin de France",TRUE,Title,Default Title,10.99,159989010-1,shopify,100,1.5,lb,,Sauvignon Blanc,,Vin de France,Languedoc,France,12.0,Light-bodied,Crisp,"Citrus, Herb",No rating listed,4.5/5,235,$9.89,https://www.totalwine.com/wine/white-wine/sauvignon-blanc/grand-sud-sauvignon-blanc/p/159989010,1L,White Wine
bougrier-famille-sauvignon-blanc-vin-de-france,Bougrier Famille Sauvignon Blanc Vin de France,France - Loire - Classic French Sauvignon Blanc with fresh citrus and herbaceous notes. Crisp and refreshing.,Bougrier Famille,Wine,White Wine,"Sauvignon Blanc, White Wine, Loire, Vin de France",TRUE,Title,Default Title,11.99,243188750-1,shopify,100,1.5,lb,,Sauvignon Blanc,,Vin de France,Loire,France,12.0,Light-bodied,Crisp,"Citrus, Herb",No rating listed,4.4/5,100,$10.79,https://www.totalwine.com/wine/white-wine/sauvignon-blanc/bougrier-famille-sauvignon-blanc-vin-de-france/p/243188750,750ml,White Wine
mato-bay-reserve-marlborough-sauvignon-blanc,Mato Bay Reserve Marlborough Sauvignon Blanc,New Zealand - Marlborough - Reserve Sauvignon Blanc with intense tropical fruit flavors and crisp acidity. Classic Kiwi style.,Mato Bay,Wine,White Wine,"Sauvignon Blanc, White Wine, Marlborough, Marlborough",TRUE,Title,Default Title,11.99,233824750-1,shopify,100,1.5,lb,,Sauvignon Blanc,,Marlborough,Marlborough,New Zealand,13.0,Light-bodied,Crisp,"Passionfruit, Citrus",No rating listed,4.3/5,144,$10.79,https://www.totalwine.com/wine/white-wine/sauvignon-blanc/mato-bay-reserve-marlborough-sauvignon-blanc/p/233824750,750ml,White Wine
69-miles-chardonnay-by-rob-lloyd,69 Miles Chardonnay by Rob Lloyd,California - Expert Pick Rob Lloyd Chardonnay with tropical fruit flavors and oak integration. Rich and full-bodied style.,69 Miles,Wine,White Wine,"Chardonnay, White Wine, California, California",TRUE,Title,Default Title,19.99,178700750-1,shopify,100,1.5,lb,,Chardonnay,,California,California,California,14.5,Full-bodied,Oak,"Tropical, Oak",No rating listed,4.1/5,227,$17.99,https://www.totalwine.com/wine/white-wine/chardonnay/69-miles-chardonnay-by-rob-lloyd/p/178700750,750ml,White Wine
whispering-angel-cotes-de-provence-rose,Whispering Angel Cotes de Provence Rose,France - Cotes de Provence - The original premium Provence rose with delicate strawberry and citrus flavors. Light and refreshing with elegant minerality.,Whispering Angel,Wine,Rose Wine,"Rose Blend, Rose Wine, Provence, Cotes de Provence",TRUE,Title,Default Title,23.99,WHIS001-1,shopify,100,1.5,lb,,Rose Blend,,Cotes de Provence,Provence,France,12.5,Light-bodied,Dry,"Strawberry, Peach, Citrus",92 • Wine Spectator,4.3/5,1250,$21.59,https://www.totalwine.com/wine/rose-wine/whispering-angel-cotes-de-provence-rose,750ml,Rose Wine
la-crema-pinot-noir-rose-sonoma-coast,La Crema Pinot Noir Rose Sonoma Coast,California - Sonoma Coast - Premium Pinot Noir rose with bright strawberry and cherry flavors. Crisp and elegant with good structure.,La Crema,Wine,Rose Wine,"Pinot Noir, Rose Wine, Sonoma Coast, Sonoma Coast",TRUE,Title,Default Title,18.99,LACR001-1,shopify,100,1.5,lb,,Pinot Noir,,Sonoma Coast,Sonoma Coast,California,13.0,Light-bodied,Dry,"Strawberry, Cherry, Watermelon",90 • Wine Enthusiast,4.2/5,324,$17.09,https://www.totalwine.com/wine/rose-wine/la-crema-pinot-noir-rose-sonoma-coast,750ml,Rose Wine
miraval-cotes-de-provence-rose,Miraval Cotes de Provence Rose,France - Cotes de Provence - Jolie-Pitt family rose with peach and grapefruit flavors and herbal notes. Classic Provence style with mineral finish.,Miraval,Wine,Rose Wine,"Rose Blend, Rose Wine, Provence, Cotes de Provence",TRUE,Title,Default Title,24.99,MIRA001-1,shopify,100,1.5,lb,,Rose Blend,,Cotes de Provence,Provence,France,12.5,Light-bodied,Dry,"Peach, Grapefruit, Herbs",91 • James Suckling,4.1/5,567,$22.49,https://www.totalwine.com/wine/rose-wine/miraval-cotes-de-provence-rose,750ml,Rose Wine
beringer-white-zinfandel,Beringer White Zinfandel,California - Classic American White Zinfandel with sweet strawberry and watermelon flavors. Perfect for casual sipping.,Beringer,Wine,Rose Wine,"White Zinfandel, Rose Wine, California, California",TRUE,Title,Default Title,7.99,BERI001-1,shopify,100,1.5,lb,,White Zinfandel,,California,California,California,10.5,Light-bodied,Sweet,"Strawberry, Watermelon",No rating listed,4.0/5,1890,$7.19,https://www.totalwine.com/wine/rose-wine/beringer-white-zinfandel,750ml,Rose Wine
caves-desclans-whispering-angel-rose,Caves d'Esclans Whispering Angel Rose,France - Provence - Premium Provence rose with red fruit and citrus flavors and distinctive mineral character. Elegant and sophisticated.,Caves d'Esclans,Wine,Rose Wine,"Grenache Blend, Rose Wine, Provence, Cotes de Provence",TRUE,Title,Default Title,23.99,CAVE001-1,shopify,100,1.5,lb,,Grenache Blend,,Cotes de Provence,Provence,France,13.0,Light-bodied,Dry,"Red Fruit, Citrus, Mineral",93 • Wine Advocate,4.4/5,892,$21.59,https://www.totalwine.com/wine/rose-wine/caves-esclans-whispering-angel-rose,750ml,Rose Wine
kendall-jackson-vintners-reserve-rose,Kendall-Jackson Vintner's Reserve Rose,"California - Premium California rose with strawberry, peach, and spice flavors. Well-structured with good complexity.",Kendall-Jackson,Wine,Rose Wine,"Rose Blend, Rose Wine, California, California",TRUE,Title,Default Title,16.99,KEND001-1,shopify,100,1.5,lb,,Rose Blend,,California,California,California,13.5,Medium-bodied,Dry,"Strawberry, Peach, Spice",88 • Wine Spectator,4.2/5,445,$15.29,https://www.totalwine.com/wine/rose-wine/kendall-jackson-vintners-reserve-rose,750ml,Rose Wine
chateau-desclans-rock-angel-rose,Chateau d'Esclans Rock Angel Rose,France - Provence - Ultra-premium Provence rose with intense strawberry and grapefruit flavors. Complex and age-worthy.,Chateau d'Esclans,Wine,Rose Wine,"Grenache Blend, Rose Wine, Provence, Cotes de Provence",TRUE,Title,Default Title,34.99,ROCK001-1,shopify,100,1.5,lb,,Grenache Blend,,Cotes de Provence,Provence,France,13.0,Light-bodied,Dry,"Strawberry, Grapefruit, Herbs",94 • Wine Advocate,4.3/5,234,$31.49,https://www.totalwine.com/wine/rose-wine/chateau-esclans-rock-angel-rose,750ml,Rose Wine
sutter-home-white-zinfandel,Sutter Home White Zinfandel,California - America's favorite White Zinfandel with sweet cherry and strawberry flavors. Easy-drinking and approachable.,Sutter Home,Wine,Rose Wine,"White Zinfandel, Rose Wine, California, California",TRUE,Title,Default Title,6.99,SUTT001-1,shopify,100,1.5,lb,,White Zinfandel,,California,California,California,9.5,Light-bodied,Sweet,"Cherry, Strawberry",No rating listed,3.9/5,2100,$6.29,https://www.totalwine.com/wine/rose-wine/sutter-home-white-zinfandel,750ml,Rose Wine
minuty-m-de-minuty-rose,Minuty M de Minuty Rose,"France - Provence - Classic Provence rose with grapefruit, peach and herbal notes. Crisp and refreshing with mineral finish.",Minuty,Wine,Rose Wine,"Grenache Blend, Rose Wine, Provence, Cotes de Provence",TRUE,Title,Default Title,21.99,MINU001-1,shopify,100,1.5,lb,,Grenache Blend,,Cotes de Provence,Provence,France,12.5,Light-bodied,Dry,"Grapefruit, Peach, Herbs",91 • Wine Spectator,4.2/5,378,$19.79,https://www.totalwine.com/wine/rose-wine/minuty-m-de-minuty-rose,750ml,Rose Wine
josh-cellars-rose,Josh Cellars Rose,"California - Fresh and fruity rose with watermelon, strawberry and citrus flavors. Light and easy-drinking.",Josh Cellars,Wine,Rose Wine,"Rose Blend, Rose Wine, California, California",TRUE,Title,Default Title,12.99,JOSH001-1,shopify,100,1.5,lb,,Rose Blend,,California,California,California,13.0,Light-bodied,Dry,"Watermelon, Strawberry, Citrus",No rating listed,4.1/5,687,$11.69,https://www.totalwine.com/wine/rose-wine/josh-cellars-rose,750ml,Rose Wine
oyster-bay-rose,Oyster Bay Rose,"New Zealand - Marlborough - Pinot Noir rose with cherry, strawberry and citrus flavors. Clean and crisp Kiwi style.",Oyster Bay,Wine,Rose Wine,"Pinot Noir, Rose Wine, Marlborough, Marlborough",TRUE,Title,Default Title,11.99,OYST001-1,shopify,100,1.5,lb,,Pinot Noir,,Marlborough,Marlborough,New Zealand,12.5,Light-bodied,Dry,"Cherry, Strawberry, Citrus",No rating listed,4.2/5,456,$10.79,https://www.totalwine.com/wine/rose-wine/oyster-bay-rose,750ml,Rose Wine
campo-viejo-rose-tempranillo,Campo Viejo Rose Tempranillo,"Spain - Rioja - Spanish Tempranillo rose with cherry, strawberry and spice flavors. Dry and refreshing.",Campo Viejo,Wine,Rose Wine,"Tempranillo, Rose Wine, Rioja, Rioja",TRUE,Title,Default Title,10.99,CAMP001-1,shopify,100,1.5,lb,,Tempranillo,,Rioja,Rioja,Spain,12.5,Light-bodied,Dry,"Cherry, Strawberry, Spice",No rating listed,4.0/5,234,$9.89,https://www.totalwine.com/wine/rose-wine/campo-viejo-rose-tempranillo,750ml,Rose Wine
bogle-rose,Bogle Rose,"California - Fresh and vibrant rose with strawberry, watermelon and peach flavors. Well-balanced and food-friendly.",Bogle,Wine,Rose Wine,"Rose Blend, Rose Wine, California, California",TRUE,Title,Default Title,11.99,BOGL001-1,shopify,100,1.5,lb,,Rose Blend,,California,California,California,13.0,Light-bodied,Dry,"Strawberry, Watermelon, Peach",No rating listed,4.3/5,123,$10.79,https://www.totalwine.com/wine/rose-wine/bogle-rose,750ml,Rose Wine
chateau-ste-michelle-rose,Chateau Ste. Michelle Rose,"Washington - Columbia Valley - Washington State rose with cherry, watermelon and citrus flavors. Clean and refreshing.",Chateau Ste. Michelle,Wine,Rose Wine,"Rose Blend, Rose Wine, Columbia Valley, Columbia Valley",TRUE,Title,Default Title,10.99,STMI001-1,shopify,100,1.5,lb,,Rose Blend,,Columbia Valley,Columbia Valley,Washington,12.5,Light-bodied,Dry,"Cherry, Watermelon, Citrus",No rating listed,4.0/5,289,$9.89,https://www.totalwine.com/wine/rose-wine/chateau-ste-michelle-rose,750ml,Rose Wine
gerard-depardieu-rose,Gerard Depardieu Rose,"France - Loire Valley - Anjou rose with berry, floral and mineral notes. Elegant French style with good structure.",Gerard Depardieu,Wine,Rose Wine,"Cabernet Franc, Rose Wine, Loire, Anjou",TRUE,Title,Default Title,13.99,GERA001-1,shopify,100,1.5,lb,,Cabernet Franc,,Anjou,Loire,France,12.0,Light-bodied,Dry,"Berry, Floral, Mineral",No rating listed,4.1/5,167,$12.59,https://www.totalwine.com/wine/rose-wine/gerard-depardieu-rose,750ml,Rose Wine
mateus-rose-original,Mateus Rose Original,"Portugal - Vinho Verde - Classic Portuguese rose with berry, citrus and floral flavors. Slightly sweet and refreshing.",Mateus,Wine,Rose Wine,"Rose Blend, Rose Wine, Vinho Verde, Vinho Verde",TRUE,Title,Default Title,9.99,MATE001-1,shopify,100,1.5,lb,,Rose Blend,,Vinho Verde,Vinho Verde,Portugal,11.0,Light-bodied,Semi-Sweet,"Berry, Citrus, Floral",No rating listed,3.8/5,567,$8.99,https://www.totalwine.com/wine/rose-wine/mateus-rose-original,750ml,Rose Wine
angeline-rose,Angeline Rose,"California - Fresh and fruity rose with strawberry, watermelon and citrus flavors. Light and easy-drinking.",Angeline,Wine,Rose Wine,"Rose Blend, Rose Wine, California, California",TRUE,Title,Default Title,9.99,ANGE001-1,shopify,100,1.5,lb,,Rose Blend,,California,California,California,12.5,Light-bodied,Dry,"Strawberry, Watermelon, Citrus",No rating listed,4.2/5,234,$8.99,https://www.totalwine.com/wine/rose-wine/angeline-rose,750ml,Rose Wine
santa-margherita-rose,Santa Margherita Rose,"Italy - Veneto - Italian Merlot rose with cherry, strawberry and herbal notes. Elegant and food-friendly.",Santa Margherita,Wine,Rose Wine,"Merlot, Rose Wine, Veneto, Veneto",TRUE,Title,Default Title,15.99,SANT001-1,shopify,100,1.5,lb,,Merlot,,Veneto,Veneto,Italy,12.0,Light-bodied,Dry,"Cherry, Strawberry, Herb",No rating listed,4.3/5,189,$14.39,https://www.totalwine.com/wine/rose-wine/santa-margherita-rose,750ml,Rose Wine
cloudy-bay-pinot-noir-rose,Cloudy Bay Pinot Noir Rose,"New Zealand - Marlborough - Premium Pinot Noir rose with strawberry, cherry and spice flavors. Complex and well-structured.",Cloudy Bay,Wine,Rose Wine,"Pinot Noir, Rose Wine, Marlborough, Marlborough",TRUE,Title,Default Title,26.99,CLOU001-1,shopify,100,1.5,lb,,Pinot Noir,,Marlborough,Marlborough,New Zealand,13.0,Light-bodied,Dry,"Strawberry, Cherry, Spice",91 • Wine Spectator,4.4/5,145,$24.29,https://www.totalwine.com/wine/rose-wine/cloudy-bay-pinot-noir-rose,750ml,Rose Wine
banfi-col-di-sasso-rose,Banfi Col di Sasso Rose,"Italy - Tuscany - Sangiovese rose with cherry, strawberry and mineral notes. Classic Italian style.",Banfi,Wine,Rose Wine,"Sangiovese, Rose Wine, Tuscany, Toscana IGT",TRUE,Title,Default Title,12.99,BANF001-1,shopify,100,1.5,lb,,Sangiovese,,Toscana IGT,Tuscany,Italy,12.5,Light-bodied,Dry,"Cherry, Strawberry, Mineral",No rating listed,4.2/5,267,$11.69,https://www.totalwine.com/wine/rose-wine/banfi-col-di-sasso-rose,750ml,Rose Wine
caymus-emmolo-rose,Caymus Emmolo Rose,"California - Napa Valley - Premium Pinot Noir rose from Caymus with strawberry, peach and vanilla flavors. Elegant Napa style.",Caymus,Wine,Rose Wine,"Pinot Noir, Rose Wine, Napa Valley, Napa Valley",TRUE,Title,Default Title,19.99,CAYMU001-1,shopify,100,1.5,lb,,Pinot Noir,,Napa Valley,Napa Valley,California,13.0,Light-bodied,Dry,"Strawberry, Peach, Vanilla",90 • Wine Enthusiast,4.3/5,156,$17.99,https://www.totalwine.com/wine/rose-wine/caymus-emmolo-rose,750ml,Rose Wine
apothic-rose,Apothic Rose,"California - Semi-sweet rose blend with strawberry, peach and spice flavors. Smooth and approachable.",Apothic,Wine,Rose Wine,"Rose Blend, Rose Wine, California, California",TRUE,Title,Default Title,11.99,APOT001-1,shopify,100,1.5,lb,,Rose Blend,,California,California,California,12.5,Light-bodied,Semi-Sweet,"Strawberry, Peach, Spice",No rating listed,4.1/5,567,$10.79,https://www.totalwine.com/wine/rose-wine/apothic-rose,750ml,Rose Wine
bolla-pinot-grigio-rose,Bolla Pinot Grigio Rose,"Italy - Veneto - Pinot Grigio rose with cherry, citrus and floral notes. Light and refreshing Italian style.",Bolla,Wine,Rose Wine,"Pinot Grigio, Rose Wine, Veneto, Delle Venezie",TRUE,Title,Default Title,9.99,BOLL001-1,shopify,100,1.5,lb,,Pinot Grigio,,Delle Venezie,Veneto,Italy,12.0,Light-bodied,Dry,"Cherry, Citrus, Floral",No rating listed,4.1/5,234,$8.99,https://www.totalwine.com/wine/rose-wine/bolla-pinot-grigio-rose,750ml,Rose Wine
studio-by-miraval-rose,Studio by Miraval Rose,"France - Provence - Studio line from Miraval with grapefruit, strawberry and herbal flavors. Fresh Provence style.",Studio,Wine,Rose Wine,"Grenache Blend, Rose Wine, Provence, Cotes de Provence",TRUE,Title,Default Title,16.99,STUD001-1,shopify,100,1.5,lb,,Grenache Blend,,Cotes de Provence,Provence,France,13.0,Light-bodied,Dry,"Grapefruit, Strawberry, Herbs",89 • Wine Spectator,4.0/5,123,$15.29,https://www.totalwine.com/wine/rose-wine/studio-by-miraval-rose,750ml,Rose Wine
19-crimes-rose,19 Crimes Rose,"Australia - South Australia - Australian rose blend with berry, citrus and spice flavors. Bold and distinctive.",19 Crimes,Wine,Rose Wine,"Rose Blend, Rose Wine, South Australia, South Australia",TRUE,Title,Default Title,12.99,NINE001-1,shopify,100,1.5,lb,,Rose Blend,,South Australia,South Australia,Australia,12.5,Light-bodied,Dry,"Berry, Citrus, Spice",No rating listed,4.0/5,345,$11.69,https://www.totalwine.com/wine/rose-wine/19-crimes-rose,750ml,Rose Wine
barefoot-pink-moscato,Barefoot Pink Moscato,"California - Sweet pink Moscato with peach, apricot and honey flavors. Light and refreshing dessert wine.",Barefoot,Wine,Rose Wine,"Moscato, Rose Wine, California, California",TRUE,Title,Default Title,7.99,BARE001-1,shopify,100,1.5,lb,,Moscato,,California,California,California,9.0,Light-bodied,Sweet,"Peach, Apricot, Honey",No rating listed,3.9/5,1234,$7.19,https://www.totalwine.com/wine/rose-wine/barefoot-pink-moscato,750ml,Rose Wine
aix-rose,AIX Rose,"France - Provence - Classic Provence rose with strawberry, grapefruit and mineral flavors. Elegant and sophisticated.",AIX,Wine,Rose Wine,"Grenache Blend, Rose Wine, Provence, Cotes de Provence",TRUE,Title,Default Title,18.99,AIXR001-1,shopify,100,1.5,lb,,Grenache Blend,,Cotes de Provence,Provence,France,13.0,Light-bodied,Dry,"Strawberry, Grapefruit, Mineral",90 • Wine Advocate,4.2/5,456,$17.09,https://www.totalwine.com/wine/rose-wine/aix-rose,750ml,Rose Wine
rombauer-rose-of-carneros,Rombauer Rose of Carneros,"California - Carneros - Premium Pinot Noir rose with strawberry, cherry and spice flavors. Rich and complex Carneros style.",Rombauer,Wine,Rose Wine,"Pinot Noir, Rose Wine, Carneros, Carneros",TRUE,Title,Default Title,24.99,ROMB001-1,shopify,100,1.5,lb,,Pinot Noir,,Carneros,Carneros,California,13.5,Medium-bodied,Dry,"Strawberry, Cherry, Spice",91 • Wine Spectator,4.4/5,89,$22.49,https://www.totalwine.com/wine/rose-wine/rombauer-rose-of-carneros,750ml,Rose Wine
mionetto-pinot-grigio-rose,Mionetto Pinot Grigio Rose,"Italy - Veneto - Pinot Grigio rose with strawberry, pear and floral notes. Crisp and elegant Italian style.",Mionetto,Wine,Rose Wine,"Pinot Grigio, Rose Wine, Veneto, Veneto",TRUE,Title,Default Title,13.99,MION001-1,shopify,100,1.5,lb,,Pinot Grigio,,Veneto,Veneto,Italy,12.0,Light-bodied,Dry,"Strawberry, Pear, Floral",No rating listed,4.1/5,178,$12.59,https://www.totalwine.com/wine/rose-wine/mionetto-pinot-grigio-rose,750ml,Rose Wine
